<!-- liblinks.xml

     Code Red Technologies "Smart update wizard" script file
     When executed on a particular application project, will
     add appropriate links to the specified library project.

     Note that this script assumes that the application project
     contains the standard 'Debug' and 'Release' build 
     configurations.
-->

<project name="" update="true">
	<setting id="all.compiler.inc">
		<value>${workspace_loc:/CMSISv2p10_LPC13Uxx/inc}</value>
        </setting>
	<setting id="all.compiler.def">
		<value>__USE_CMSIS=CMSISv2p10_LPC13Uxx</value>
	</setting>
	<setting id="linker.libs">
		<value>CMSISv2p10_LPC13Uxx</value>
	</setting>
	<setting id="linker.paths" buildType="Debug">
		<value>${workspace_loc:/CMSISv2p10_LPC13Uxx/Debug}</value>
	</setting>
	<setting id="linker.paths" buildType="Release">
		<value>${workspace_loc:/CMSISv2p10_LPC13Uxx/Release}</value>
	</setting>
	<requires msg="Library project `CMSISv2p10_LPC13Uxx` not found">
		<value>CMSISv2p10_LPC13Uxx</value>
	</requires>
</project>

